feature,rmse_increase,std
cycle,9.07616471300737,1.5294953918970402
sensor_15_mean,0.6841417990204718,0.1708334246591454
sensor_8_mean,0.44517970456094175,0.2623026081890146
setting_2_mean,0.43848460031156833,0.19453695620113878
sensor_12_std,0.39195573380665183,0.37344508956503353
sensor_17_mean,0.38291903219565315,0.4243376747750561
sensor_11_mean,0.37503022935759844,0.25437580841366875
sensor_12_mean,0.29804892978835085,0.14606105556143598
setting_1_std,0.2862716686039974,0.14025287480603385
sensor_13_mean,0.2544238387563368,0.32615957118334094
sensor_3_mean,0.14963076751086887,0.09566607398268712
sensor_20_std,0.1386960167494223,0.07629709757358494
sensor_7_std,0.11407030220624251,0.16992065478586685
sensor_2_mean,0.056083119806961436,0.23424784888200945
sensor_9_std,0.048976954412409415,0.13270093405857508
sensor_15,0.047360795993544966,0.01806562424351989
sensor_17_std,0.03440105248531396,0.16436070255866914
sensor_4,0.029519195596648017,0.02677068685917568
setting_2,0.02162556048575297,0.010921771427253573
sensor_21_std,0.018752571435451414,0.030689697629472323
setting_2_std,0.01736727119906476,0.05018463722595057
sensor_13_delta,0.016283948841361705,0.00841709467213825
sensor_17_delta,0.015032074862284616,0.007065367578021447
sensor_3_delta,0.01396101156669829,0.008986160813506106
sensor_20_delta,0.013507601694008997,0.005692709128670547
sensor_20,0.009902099999196423,0.01042363046657076
setting_1_delta,0.007556842392164498,0.0053941801276715315
sensor_4_delta,0.004601788275074625,0.013688673434637137
sensor_14_delta,0.0040373414284360365,0.008156652769283367
sensor_2_std,0.0033480656351080997,0.041260334133577686
sensor_21,0.00298767321277964,0.011783858748229731
sensor_7_delta,-0.0005495656897593904,0.01038352412793829
sensor_11_delta,-0.0005981689276659096,0.004463046705141212
sensor_2_delta,-0.0011868162405903604,0.008881051071706792
sensor_12_delta,-0.0019046228900720052,0.0019758083307658625
sensor_13,-0.003949212768747401,0.012037923386769183
setting_1,-0.004152088707503054,0.008578553581072821
setting_2_delta,-0.004753646049164928,0.005539124983179671
sensor_14_std,-0.007061570815902485,0.02501631934345821
sensor_14,-0.007494332824131788,0.11987311542480743
sensor_9_mean,-0.00900959947947726,0.2939177600348165
sensor_8,-0.009503974168875117,0.01655823604033324
sensor_9_delta,-0.00965649106116615,0.004326349899712929
sensor_7,-0.009758771710922076,0.021085330427298852
sensor_13_std,-0.01048958520130654,0.12738902759671814
sensor_17,-0.012806622483409313,0.013708525411486502
sensor_8_std,-0.015236866925120296,0.19721700250174826
sensor_2,-0.017401412202996625,0.014933024660063986
sensor_8_delta,-0.017604500141781186,0.00824736221482335
sensor_3,-0.021950202334914338,0.010905942764588663
sensor_21_delta,-0.0228926557069542,0.014225570170401264
sensor_11,-0.023268485170636666,0.053673598357110844
sensor_15_delta,-0.023438963612104402,0.005698321526940559
setting_1_mean,-0.03583791908098135,0.09757947406970087
sensor_12,-0.04379162778116523,0.024969076434512415
sensor_4_std,-0.04750589319543792,0.057662026026503464
sensor_14_mean,-0.049143080453157496,0.27098499696762046
sensor_9,-0.06962118092794825,0.10584209796198553
sensor_3_std,-0.0795701443768877,0.09703310114713543
sensor_21_mean,-0.12390720375429183,0.3827125110288445
sensor_15_std,-0.12631314152250042,0.1311075713643049
sensor_11_std,-0.14941861282251168,0.05672602941257525
sensor_4_mean,-0.1691450508554304,0.25977283592327455
sensor_20_mean,-0.17035744933973404,0.12292906992814523
sensor_7_mean,-0.19437429227917774,0.24708219979001558
