candidate,window,cap,mae,rmse,nasa_score,n
extra_trees_w15_capNone,15,,21.157631190476184,29.230048656987748,8228.166110087803,125
lightgbm_w5_capNone,5,,21.855921696245435,29.9012445767621,5943.304698528282,125
extra_trees_w5_capNone,5,,22.039114947089953,29.93107669707965,6051.805180321007,125
extra_trees_w15_cap125,15,125.0,20.41507452140452,30.4492354195265,8278.17443375888,125
lightgbm_w15_cap125,15,125.0,20.47611752074183,30.496930948138456,7972.178446139773,125
lightgbm_w5_cap125,5,125.0,20.516027557824646,30.523472181060647,8650.056144096618,125
extra_trees_w5_cap125,5,125.0,20.22031143578644,30.62531785453599,9203.320234629655,125
ridge_w15_capNone,15,,25.547732131341288,31.35654980087432,9058.607172910719,125
ridge_w5_capNone,5,,26.009858338122786,31.61797624485914,8107.900893454262,125
lightgbm_w15_capNone,15,,22.64069739313552,32.00408155687079,40824.73719897787,125
ridge_w15_cap125,15,125.0,23.97595118304337,32.74916721067198,17928.096643669523,125
ridge_w5_cap125,5,125.0,24.16541060857672,32.85692771992431,20866.06604425752,125
mean_w5_cap125,5,125.0,49.7256353009185,58.325940852129214,151507.41304559234,125
mean_w15_cap125,15,125.0,49.7256353009185,58.325940852129214,151507.41304559234,125
mean_w5_capNone,5,,54.163119532404146,63.56977906793239,517543.3616018914,125
mean_w15_capNone,15,,54.163119532404146,63.56977906793239,517543.3616018914,125
