engine_id,cycle,predicted_rul,actual_rul,error,maintenance_status,run_id,prediction_timestamp
1,31,194.04102513227508,112,82.04102513227508,Healthy,ac65b75e9a7d44c29e59d777fd864fab,2026-10-04T20:20:15.526933+00:00
2,49,150.02331018518515,98,52.02331018518515,Healthy,ac65b75e9a7d44c29e59d777fd864fab,2026-10-04T20:20:15.526933+00:00
3,126,47.98959656084657,69,-21.01040343915343,Monitor,ac65b75e9a7d44c29e59d777fd864fab,2026-10-04T20:20:15.526933+00:00
4,106,91.2829398148148,82,9.282939814814796,Healthy,ac65b75e9a7d44c29e59d777fd864fab,2026-10-04T20:20:15.526933+00:00
5,98,111.75941468253968,91,20.759414682539685,Healthy,ac65b75e9a7d44c29e59d777fd864fab,2026-10-04T20:20:15.526933+00:00
6,105,93.9596130952381,93,0.9596130952380975,Healthy,ac65b75e9a7d44c29e59d777fd864fab,2026-10-04T20:20:15.526933+00:00
7,160,105.70198082010583,91,14.701980820105831,Healthy,ac65b75e9a7d44c29e59d777fd864fab,2026-10-04T20:20:15.526933+00:00
8,166,78.61360119047619,95,-16.38639880952381,Monitor,ac65b75e9a7d44c29e59d777fd864fab,2026-10-04T20:20:15.526933+00:00
9,55,147.00373677248675,111,36.00373677248675,Healthy,ac65b75e9a7d44c29e59d777fd864fab,2026-10-04T20:20:15.526933+00:00
10,192,109.81108796296293,96,13.81108796296293,Healthy,ac65b75e9a7d44c29e59d777fd864fab,2026-10-04T20:20:15.526933+00:00
11,83,93.51516203703706,97,-3.484837962962942,Healthy,ac65b75e9a7d44c29e59d777fd864fab,2026-10-04T20:20:15.526933+00:00
12,217,100.50381283068782,124,-23.49618716931218,Healthy,ac65b75e9a7d44c29e59d777fd864fab,2026-10-04T20:20:15.526933+00:00
13,195,101.19676917989416,95,6.1967691798941615,Healthy,ac65b75e9a7d44c29e59d777fd864fab,2026-10-04T20:20:15.526933+00:00
14,46,150.35203373015878,107,43.35203373015878,Healthy,ac65b75e9a7d44c29e59d777fd864fab,2026-10-04T20:20:15.526933+00:00
15,76,160.33148478835986,83,77.33148478835986,Healthy,ac65b75e9a7d44c29e59d777fd864fab,2026-10-04T20:20:15.526933+00:00
16,113,95.60055555555557,84,11.600555555555573,Healthy,ac65b75e9a7d44c29e59d777fd864fab,2026-10-04T20:20:15.526933+00:00
17,165,50.54363095238093,50,0.54363095238093,Monitor,ac65b75e9a7d44c29e59d777fd864fab,2026-10-04T20:20:15.526933+00:00
18,133,75.42381944444445,28,47.42381944444445,Monitor,ac65b75e9a7d44c29e59d777fd864fab,2026-10-04T20:20:15.526933+00:00
19,135,124.79875000000003,87,37.79875000000003,Healthy,ac65b75e9a7d44c29e59d777fd864fab,2026-10-04T20:20:15.526933+00:00
20,184,17.00828703703704,16,1.0082870370370394,Critical,ac65b75e9a7d44c29e59d777fd864fab,2026-10-04T20:20:15.526933+00:00
21,148,77.9993220899471,57,20.9993220899471,Monitor,ac65b75e9a7d44c29e59d777fd864fab,2026-10-04T20:20:15.526933+00:00
22,39,153.50239087301586,111,42.502390873015855,Healthy,ac65b75e9a7d44c29e59d777fd864fab,2026-10-04T20:20:15.526933+00:00
23,130,131.125873015873,113,18.125873015872997,Healthy,ac65b75e9a7d44c29e59d777fd864fab,2026-10-04T20:20:15.526933+00:00
24,186,21.79705026455026,20,1.7970502645502613,Schedule Maintenance,ac65b75e9a7d44c29e59d777fd864fab,2026-10-04T20:20:15.526933+00:00
25,48,164.39069444444456,145,19.390694444444563,Healthy,ac65b75e9a7d44c29e59d777fd864fab,2026-10-04T20:20:15.526933+00:00
26,76,138.54201719576722,119,19.542017195767215,Healthy,ac65b75e9a7d44c29e59d777fd864fab,2026-10-04T20:20:15.526933+00:00
27,140,89.59499007936508,66,23.594990079365076,Healthy,ac65b75e9a7d44c29e59d777fd864fab,2026-10-04T20:20:15.526933+00:00
28,158,95.28586970899474,97,-1.7141302910052616,Healthy,ac65b75e9a7d44c29e59d777fd864fab,2026-10-04T20:20:15.526933+00:00
29,171,89.42995370370366,90,-0.57004629629634,Healthy,ac65b75e9a7d44c29e59d777fd864fab,2026-10-04T20:20:15.526933+00:00
30,143,92.96043320105822,115,-22.039566798941777,Healthy,ac65b75e9a7d44c29e59d777fd864fab,2026-10-04T20:20:15.526933+00:00
31,196,15.432946428571432,8,7.432946428571432,Critical,ac65b75e9a7d44c29e59d777fd864fab,2026-10-04T20:20:15.526933+00:00
32,145,51.05465277777778,48,3.0546527777777825,Monitor,ac65b75e9a7d44c29e59d777fd864fab,2026-10-04T20:20:15.526933+00:00
33,50,140.2588988095238,106,34.2588988095238,Healthy,ac65b75e9a7d44c29e59d777fd864fab,2026-10-04T20:20:15.526933+00:00
34,203,10.722916666666665,7,3.7229166666666647,Critical,ac65b75e9a7d44c29e59d777fd864fab,2026-10-04T20:20:15.526933+00:00
35,198,9.350171957671957,11,-1.6498280423280427,Critical,ac65b75e9a7d44c29e59d777fd864fab,2026-10-04T20:20:15.526933+00:00
36,126,19.82983134920635,19,0.8298313492063514,Critical,ac65b75e9a7d44c29e59d777fd864fab,2026-10-04T20:20:15.526933+00:00
37,121,76.63041666666669,21,55.63041666666669,Monitor,ac65b75e9a7d44c29e59d777fd864fab,2026-10-04T20:20:15.526933+00:00
38,125,45.21020502645503,50,-4.789794973544971,Monitor,ac65b75e9a7d44c29e59d777fd864fab,2026-10-04T20:20:15.526933+00:00
39,37,156.2137929894179,142,14.213792989417897,Healthy,ac65b75e9a7d44c29e59d777fd864fab,2026-10-04T20:20:15.526933+00:00
40,133,27.824745370370366,28,-0.17525462962963445,Schedule Maintenance,ac65b75e9a7d44c29e59d777fd864fab,2026-10-04T20:20:15.526933+00:00
41,123,69.37261904761907,18,51.37261904761907,Monitor,ac65b75e9a7d44c29e59d777fd864fab,2026-10-04T20:20:15.526933+00:00
42,156,20.727724867724866,10,10.727724867724866,Schedule Maintenance,ac65b75e9a7d44c29e59d777fd864fab,2026-10-04T20:20:15.526933+00:00
43,172,68.58311838624338,59,9.583118386243385,Monitor,ac65b75e9a7d44c29e59d777fd864fab,2026-10-04T20:20:15.526933+00:00
44,54,137.26281415343917,109,28.262814153439166,Healthy,ac65b75e9a7d44c29e59d777fd864fab,2026-10-04T20:20:15.526933+00:00
45,152,63.5089484126984,114,-50.4910515873016,Monitor,ac65b75e9a7d44c29e59d777fd864fab,2026-10-04T20:20:15.526933+00:00
46,146,42.76880621693122,47,-4.2311937830687825,Monitor,ac65b75e9a7d44c29e59d777fd864fab,2026-10-04T20:20:15.526933+00:00
47,73,115.05617063492062,135,-19.94382936507938,Healthy,ac65b75e9a7d44c29e59d777fd864fab,2026-10-04T20:20:15.526933+00:00
48,78,117.87966931216938,92,25.879669312169383,Healthy,ac65b75e9a7d44c29e59d777fd864fab,2026-10-04T20:20:15.526933+00:00
49,303,22.780641534391535,21,1.7806415343915347,Schedule Maintenance,ac65b75e9a7d44c29e59d777fd864fab,2026-10-04T20:20:15.526933+00:00
50,74,125.10261904761904,79,46.102619047619044,Healthy,ac65b75e9a7d44c29e59d777fd864fab,2026-10-04T20:20:15.526933+00:00
51,144,83.74571097883596,114,-30.25428902116404,Healthy,ac65b75e9a7d44c29e59d777fd864fab,2026-10-04T20:20:15.526933+00:00
52,189,29.481855158730152,29,0.48185515873015206,Schedule Maintenance,ac65b75e9a7d44c29e59d777fd864fab,2026-10-04T20:20:15.526933+00:00
53,164,35.79685846560847,26,9.796858465608473,Schedule Maintenance,ac65b75e9a7d44c29e59d777fd864fab,2026-10-04T20:20:15.526933+00:00
54,121,128.48115410052912,97,31.481154100529125,Healthy,ac65b75e9a7d44c29e59d777fd864fab,2026-10-04T20:20:15.526933+00:00
55,113,121.830667989418,137,-15.169332010581996,Healthy,ac65b75e9a7d44c29e59d777fd864fab,2026-10-04T20:20:15.526933+00:00
56,136,11.037202380952381,15,-3.9627976190476186,Critical,ac65b75e9a7d44c29e59d777fd864fab,2026-10-04T20:20:15.526933+00:00
57,160,73.61829365079366,103,-29.38170634920634,Monitor,ac65b75e9a7d44c29e59d777fd864fab,2026-10-04T20:20:15.526933+00:00
58,176,48.78658399470896,37,11.786583994708963,Monitor,ac65b75e9a7d44c29e59d777fd864fab,2026-10-04T20:20:15.526933+00:00
59,94,120.2891567460317,114,6.2891567460316935,Healthy,ac65b75e9a7d44c29e59d777fd864fab,2026-10-04T20:20:15.526933+00:00
60,147,80.11124007936509,100,-19.88875992063491,Healthy,ac65b75e9a7d44c29e59d777fd864fab,2026-10-04T20:20:15.526933+00:00
61,159,43.17984126984126,21,22.179841269841262,Monitor,ac65b75e9a7d44c29e59d777fd864fab,2026-10-04T20:20:15.526933+00:00
62,232,55.5793915343915,54,1.5793915343914975,Monitor,ac65b75e9a7d44c29e59d777fd864fab,2026-10-04T20:20:15.526933+00:00
63,155,86.1800132275132,72,14.1800132275132,Healthy,ac65b75e9a7d44c29e59d777fd864fab,2026-10-04T20:20:15.526933+00:00
64,168,40.9941435185185,28,12.994143518518499,Monitor,ac65b75e9a7d44c29e59d777fd864fab,2026-10-04T20:20:15.526933+00:00
65,71,154.5967361111111,128,26.596736111111113,Healthy,ac65b75e9a7d44c29e59d777fd864fab,2026-10-04T20:20:15.526933+00:00
66,147,15.957867063492056,14,1.9578670634920563,Critical,ac65b75e9a7d44c29e59d777fd864fab,2026-10-04T20:20:15.526933+00:00
67,71,150.00921296296295,77,73.00921296296295,Healthy,ac65b75e9a7d44c29e59d777fd864fab,2026-10-04T20:20:15.526933+00:00
68,187,12.002999338624342,8,4.002999338624342,Critical,ac65b75e9a7d44c29e59d777fd864fab,2026-10-04T20:20:15.526933+00:00
69,54,140.91073743386244,121,19.910737433862437,Healthy,ac65b75e9a7d44c29e59d777fd864fab,2026-10-04T20:20:15.526933+00:00
70,152,82.45441798941802,94,-11.545582010581981,Healthy,ac65b75e9a7d44c29e59d777fd864fab,2026-10-04T20:20:15.526933+00:00
71,68,130.92755291005292,118,12.927552910052924,Healthy,ac65b75e9a7d44c29e59d777fd864fab,2026-10-04T20:20:15.526933+00:00
72,131,85.75754960317457,50,35.75754960317457,Healthy,ac65b75e9a7d44c29e59d777fd864fab,2026-10-04T20:20:15.526933+00:00
73,112,123.83999338624336,131,-7.160006613756636,Healthy,ac65b75e9a7d44c29e59d777fd864fab,2026-10-04T20:20:15.526933+00:00
74,137,94.99633928571428,126,-31.003660714285715,Healthy,ac65b75e9a7d44c29e59d777fd864fab,2026-10-04T20:20:15.526933+00:00
75,88,110.38818121693124,113,-2.611818783068756,Healthy,ac65b75e9a7d44c29e59d777fd864fab,2026-10-04T20:20:15.526933+00:00
76,205,14.114732142857143,10,4.114732142857143,Critical,ac65b75e9a7d44c29e59d777fd864fab,2026-10-04T20:20:15.526933+00:00
77,162,50.08177248677247,34,16.081772486772472,Monitor,ac65b75e9a7d44c29e59d777fd864fab,2026-10-04T20:20:15.526933+00:00
78,72,175.40676917989427,107,68.40676917989427,Healthy,ac65b75e9a7d44c29e59d777fd864fab,2026-10-04T20:20:15.526933+00:00
79,101,102.16829365079364,63,39.16829365079364,Healthy,ac65b75e9a7d44c29e59d777fd864fab,2026-10-04T20:20:15.526933+00:00
80,133,82.974666005291,90,-7.025333994709001,Healthy,ac65b75e9a7d44c29e59d777fd864fab,2026-10-04T20:20:15.526933+00:00
81,213,9.337552910052912,8,1.3375529100529118,Critical,ac65b75e9a7d44c29e59d777fd864fab,2026-10-04T20:20:15.526933+00:00
82,162,12.640912698412706,9,3.6409126984127056,Critical,ac65b75e9a7d44c29e59d777fd864fab,2026-10-04T20:20:15.526933+00:00
83,73,161.55487764550267,137,24.55487764550267,Healthy,ac65b75e9a7d44c29e59d777fd864fab,2026-10-04T20:20:15.526933+00:00
84,172,55.800562169312144,58,-2.199437830687856,Monitor,ac65b75e9a7d44c29e59d777fd864fab,2026-10-04T20:20:15.526933+00:00
85,34,158.60283068783065,118,40.60283068783065,Healthy,ac65b75e9a7d44c29e59d777fd864fab,2026-10-04T20:20:15.526933+00:00
86,110,96.19582341269839,89,7.195823412698388,Healthy,ac65b75e9a7d44c29e59d777fd864fab,2026-10-04T20:20:15.526933+00:00
87,56,143.70404431216932,116,27.704044312169316,Healthy,ac65b75e9a7d44c29e59d777fd864fab,2026-10-04T20:20:15.526933+00:00
88,68,123.89068452380953,115,8.890684523809526,Healthy,ac65b75e9a7d44c29e59d777fd864fab,2026-10-04T20:20:15.526933+00:00
89,177,84.35385912698413,136,-51.64614087301587,Healthy,ac65b75e9a7d44c29e59d777fd864fab,2026-10-04T20:20:15.526933+00:00
90,146,33.90744047619048,28,5.90744047619048,Schedule Maintenance,ac65b75e9a7d44c29e59d777fd864fab,2026-10-04T20:20:15.526933+00:00
91,234,23.27558201058201,38,-14.72441798941799,Schedule Maintenance,ac65b75e9a7d44c29e59d777fd864fab,2026-10-04T20:20:15.526933+00:00
92,150,16.949890873015875,20,-3.0501091269841254,Critical,ac65b75e9a7d44c29e59d777fd864fab,2026-10-04T20:20:15.526933+00:00
93,244,41.02803571428571,85,-43.97196428571429,Monitor,ac65b75e9a7d44c29e59d777fd864fab,2026-10-04T20:20:15.526933+00:00
94,133,57.657486772486784,55,2.6574867724867843,Monitor,ac65b75e9a7d44c29e59d777fd864fab,2026-10-04T20:20:15.526933+00:00
95,89,122.75576719576712,128,-5.24423280423288,Healthy,ac65b75e9a7d44c29e59d777fd864fab,2026-10-04T20:20:15.526933+00:00
96,97,126.21916997354501,137,-10.780830026454993,Healthy,ac65b75e9a7d44c29e59d777fd864fab,2026-10-04T20:20:15.526933+00:00
97,134,94.32825396825395,82,12.328253968253946,Healthy,ac65b75e9a7d44c29e59d777fd864fab,2026-10-04T20:20:15.526933+00:00
98,121,72.63151785714285,59,13.631517857142853,Monitor,ac65b75e9a7d44c29e59d777fd864fab,2026-10-04T20:20:15.526933+00:00
99,97,152.69582010582016,117,35.69582010582016,Healthy,ac65b75e9a7d44c29e59d777fd864fab,2026-10-04T20:20:15.526933+00:00
100,198,19.599434523809524,20,-0.4005654761904758,Critical,ac65b75e9a7d44c29e59d777fd864fab,2026-10-04T20:20:15.526933+00:00
